Season,GameID,Team,VS,TeamID,OpponentID,Net Rating_Diff,AdjEM_Diff,AdjOE_Diff,AdjDE_Diff,eFGPct_Diff,TOPct_Diff,ORPct_Diff,FTRate_Diff
2025,132,Auburn,Texas A&M,1120,1401,10.9,10.965,12.224,1.2588,8.23883018,-4.78178602,-7.70111914,-8.15809871
2025,133,Iowa State,Michigan State,1235,1277,-0.5,-0.5662,1.427,1.9924,3.41173705,0.27408582,-3.15627564,0.64526997
2025,134,Florida,Maryland,1196,1268,9.9,9.4917,9.849,0.358,1.36744495,0.61479384,7.05303276,-0.74046808
2025,135,Texas Tech,St. John's,1403,1385,1.7,1.6803,11.397,9.7171,5.76977966,-0.77471909,-3.07168394,-0.44539375
2025,136,Duke,Arizona,1181,1112,12.5,12.4095,5.432,-6.9774,4.48461611,-1.82386928,-0.71295582,-4.48519377
2025,137,Wisconsin,Alabama,1458,1104,-3.9,-3.4639,-3.322,0.142,-1.86823038,-2.40080289,-6.87185132,-6.12129389
2025,138,Houston,Clemson,1222,1155,11.4,11.5264,4.579,-6.9471,-0.95537538,-1.10378317,2.40683193,-0.02006118
2025,139,Kentucky,Tennessee,1246,1397,-6.9,-7.1821,3.887,11.0685,3.20396725,-0.87836028,-7.23200856,1.22860914
