Season,GameID,Team,VS,TeamID,OpponentID,Net Rating_Diff,AdjEM_Diff,AdjOE_Diff,AdjDE_Diff,eFGPct_Diff,TOPct_Diff,ORPct_Diff,FTRate_Diff,AdjDE_Diff_Weighted,Upset_Score,Upset_Score2,Predicted_Win
2025,100,Auburn,Ole Miss,1120,1106,3.25,12.9659,10.608,-2.3578,4.62725635,0.61603562,8.98987336,0.1299125000000001,-4.24404,6870.332784999998,13740.665569999996,0.0
2025,101,Florida,St. John's,1257,1166,2.45,9.4506,14.0,4.5498,5.46555293,-0.43707269,0.68240911,0.40044375,8.18964,1368.1380575000003,2736.2761150000006,1.0
2025,102,Duke,VCU,1276,1895,4.4,17.4477,11.748,-5.7003,4.92862911,-2.13217548,-1.49241847,0.07211875,-10.26054,14462.676527499996,28925.353054999992,1.0
2025,103,Houston,Tennessee,1401,1463,1.05,4.0053,3.288,-0.7173,-0.12067835,-1.45965021,0.22100288,0.54620625,-1.2911400000000002,745.9775424999922,1491.9550849999844,1.0
