Season,GameID,Team,VS,TeamID,OpponentID,Net Rating_Diff,AdjEM_Diff,AdjOE_Diff,AdjDE_Diff,eFGPct_Diff,TOPct_Diff,ORPct_Diff,FTRate_Diff,Predicted_Win
2025,132,Auburn,Michigan State,1120,1277,7.5,7.4721,10.449,2.9763,4.56116543,-3.24434065,-0.98175155,-4.30203019,1.0
2025,133,Florida,St. John's,1196,1385,9.8,9.4506,14.0,4.5498,5.46555293,-0.43707269,0.68240911,2.00824136,1.0
2025,134,Duke,Alabama,1181,1104,8.3,8.2454,1.401,-6.8449,1.01323112,-2.25346085,0.46122899,-8.03274315,1.0
2025,135,Houston,Tennessee,1222,1397,4.2,4.0053,3.288,-0.7173,-0.12067835,-1.45965021,0.22100288,-6.46564625,1.0
