Season,GameID,Team,VS,TeamID,OpponentID,Net Rating_Diff,AdjEM_Diff,AdjOE_Diff,AdjDE_Diff,eFGPct_Diff,TOPct_Diff,ORPct_Diff,FTRate_Diff,AdjDE_Diff_Weighted,Upset_Score,Upset_Score2,Predicted_Win
2025,100,Auburn,Michigan,1120,1106,3.175,13.2184,11.718,-1.5008,0.76355551,-6.67460201,0.60827593,0.1299125000000001,-2.70144,6870.332784999998,13740.665569999996,1.0
2025,101,Ole Miss,Marquette,1257,1166,0.1,0.4848,0.202,-0.2832,-0.95066789,-0.75556769,-4.7620105,0.40044375,-0.50976,1368.1380575000003,2736.2761150000006,1.0
2025,102,Florida,Memphis,1276,1895,5.225,20.6851,14.636,-6.0491,1.43518568,-4.13583842,3.2636853,0.07211875,-10.88838,14462.676527499996,28925.353054999992,1.0
2025,103,Texas Tech,St. John's,1401,1463,0.425,1.6803,11.397,9.7171,5.76977966,-0.77471909,-3.07168394,0.54620625,17.49078,745.9775424999922,1491.9550849999844,0.0
2025,104,Duke,Oregon,1279,1314,4.525,18.0028,11.356,-6.6473,5.11512206,-1.84821829,4.62701823,-0.0433812499999999,-11.965140000000002,814.0531674999994,1628.1063349999988,1.0
2025,105,VCU,Alabama,1235,1252,-2.325,-9.2023,-10.347,-1.1446,-3.91539799,-0.12128537,1.95364746,-0.2865937499999997,-2.06028,9026.551722500011,18053.103445000022,1.0
2025,106,Houston,Purdue,1266,1307,2.9,11.6437,-0.894,-12.5377,-3.65753193,-0.94728514,5.16871255,0.10183125,-22.56786,4098.067492499993,8196.134984999986,1.0
2025,107,Xavier,Tennessee,1277,1136,-3.5,-14.2663,-4.522,9.744,1.10837402,-0.04313458,-10.71655064,0.3870687499999998,17.5392,-9334.2976325,-18668.595265,0.0
